-- phpMyAdmin SQL Dump
-- version 5.2.1
-- https://www.phpmyadmin.net/
--
-- Host: 127.0.0.1
-- Generation Time: May 28, 2024 at 09:33 AM
-- Server version: 10.4.32-MariaDB
-- PHP Version: 8.2.12

SET SQL_MODE = "NO_AUTO_VALUE_ON_ZERO";
START TRANSACTION;
SET time_zone = "+00:00";


/*!40101 SET @OLD_CHARACTER_SET_CLIENT=@@CHARACTER_SET_CLIENT */;
/*!40101 SET @OLD_CHARACTER_SET_RESULTS=@@CHARACTER_SET_RESULTS */;
/*!40101 SET @OLD_COLLATION_CONNECTION=@@COLLATION_CONNECTION */;
/*!40101 SET NAMES utf8mb4 */;

--
-- Database: `gdoc`
--

-- --------------------------------------------------------

--
-- Table structure for table `admin`
--

CREATE TABLE `admin` (
  `aemail` varchar(255) NOT NULL,
  `apassword` varchar(255) DEFAULT NULL
) ENGINE=MyISAM DEFAULT CHARSET=latin1 COLLATE=latin1_swedish_ci;

--
-- Dumping data for table `admin`
--

INSERT INTO `admin` (`aemail`, `apassword`) VALUES
('admin@gdoc.com', '123456'),
('ohidur@gdoc.com', '123457'),
('israt@gdoc.com', '123456');

-- --------------------------------------------------------

--
-- Table structure for table `appointment`
--

CREATE TABLE `appointment` (
  `appoid` int(11) NOT NULL,
  `pid` int(10) DEFAULT NULL,
  `apponum` int(3) DEFAULT NULL,
  `scheduleid` int(10) DEFAULT NULL,
  `appodate` date DEFAULT NULL
) ENGINE=MyISAM DEFAULT CHARSET=latin1 COLLATE=latin1_swedish_ci;

--
-- Dumping data for table `appointment`
--

INSERT INTO `appointment` (`appoid`, `pid`, `apponum`, `scheduleid`, `appodate`) VALUES
(1, 1, 1, 1, '2022-06-03'),
(4, 4, 1, 2, '2024-05-11'),
(7, 1, 1, 5, '2024-05-12');

-- --------------------------------------------------------

--
-- Table structure for table `doctor`
--

CREATE TABLE `doctor` (
  `docid` int(11) NOT NULL,
  `docemail` varchar(255) DEFAULT NULL,
  `docname` varchar(255) DEFAULT NULL,
  `docpassword` varchar(255) DEFAULT NULL,
  `docnic` varchar(15) DEFAULT NULL,
  `doctel` varchar(15) DEFAULT NULL,
  `specialties` int(2) DEFAULT NULL
) ENGINE=MyISAM DEFAULT CHARSET=latin1 COLLATE=latin1_swedish_ci;

--
-- Dumping data for table `doctor`
--

INSERT INTO `doctor` (`docid`, `docemail`, `docname`, `docpassword`, `docnic`, `doctel`, `specialties`) VALUES
(3, 'asif-dr@gdoc.com', 'Dr Asif', '1234', '7584632678023', '01373694832', 1),
(1, 'ayesha-dr@gdoc.com', 'Dr Ayesha', '1234', '7584632643697', '01357397845', 4),
(2, 'mehedi-dr@gdoc.com', 'Dr Mehedi', '1234', '7584632644098', '01378394545', 5);

-- --------------------------------------------------------

--
-- Table structure for table `patient`
--

CREATE TABLE `patient` (
  `pid` int(11) NOT NULL,
  `pemail` varchar(255) DEFAULT NULL,
  `pname` varchar(255) DEFAULT NULL,
  `ppassword` varchar(255) DEFAULT NULL,
  `paddress` varchar(255) DEFAULT NULL,
  `pnic` varchar(15) DEFAULT NULL,
  `pdob` date DEFAULT NULL,
  `ptel` varchar(15) DEFAULT NULL
) ENGINE=MyISAM DEFAULT CHARSET=latin1 COLLATE=latin1_swedish_ci;

--
-- Dumping data for table `patient`
--

INSERT INTO `patient` (`pid`, `pemail`, `pname`, `ppassword`, `paddress`, `pnic`, `pdob`, `ptel`) VALUES
(1, 'patient@gdoc.com', 'Test Patient', '123', 'kanchan', '0000000000', '2000-01-21', '0120000000'),
(3, 'shakib@gdoc.com', 'Shakib Ahmed', '12345', 'Badda', '7625987000040', '1999-09-22', '01836345782'),
(2, 'fahim@gdoc.com', 'Fahim Islam', '12345', 'Mirpur', '7623487000058', '2000-03-11', '01836846793'),
(4, 'hashem@gdoc.com', 'Abu Hashem', '12345', 'khilkhet', '7665587000012', '1995-03-22', '01837842781');

-- --------------------------------------------------------

--
-- Table structure for table `schedule`
--

CREATE TABLE `schedule` (
  `scheduleid` int(11) NOT NULL,
  `docid` varchar(255) DEFAULT NULL,
  `title` varchar(255) DEFAULT NULL,
  `scheduledate` date DEFAULT NULL,
  `scheduletime` time DEFAULT NULL,
  `nop` int(4) DEFAULT NULL
) ENGINE=MyISAM DEFAULT CHARSET=latin1 COLLATE=latin1_swedish_ci;

--
-- Dumping data for table `schedule`
--

INSERT INTO `schedule` (`scheduleid`, `docid`, `title`, `scheduledate`, `scheduletime`, `nop`) VALUES
(1, '1', 'Morning Season', '2024-06-11', '10:00:00', 20),
(4, '2', 'Evening Season', '2024-06-11', '17:00:00', 30),
(3, '1', 'Morning Season', '2024-06-13', '10:00:00', 20),
(2, '1', 'Morning Season', '2024-06-12', '10:00:00', 20),
(5, '2', 'Evening Season', '2024-06-12', '17:00:00', 30),
(6, '2', 'Evening Season', '2024-05-11', '17:00:00', 30),
(10, '1', 'afternoon', '2024-05-19', '14:44:00', 20);

-- --------------------------------------------------------

--
-- Table structure for table `specialties`
--

CREATE TABLE `specialties` (
  `id` int(2) NOT NULL,
  `sname` varchar(50) DEFAULT NULL
) ENGINE=MyISAM DEFAULT CHARSET=latin1 COLLATE=latin1_swedish_ci;

--
-- Dumping data for table `specialties`
--

INSERT INTO `specialties` (`id`, `sname`) VALUES
(1, 'Accident and Emergency'),
(2, 'Dental Surgeon'),
(3, 'Orthopedic Surgeon'),
(4, 'Gynecology'),
(5, 'Cardiology');

-- --------------------------------------------------------

--
-- Table structure for table `webuser`
--

CREATE TABLE `webuser` (
  `email` varchar(255) NOT NULL,
  `usertype` char(1) DEFAULT NULL
) ENGINE=MyISAM DEFAULT CHARSET=latin1 COLLATE=latin1_swedish_ci;

--
-- Dumping data for table `webuser`
--

INSERT INTO `webuser` (`email`, `usertype`) VALUES
('admin@gdoc.com', 'a'),
('asif-dr@gdoc.com', 'd'),
('patient@gdoc.com', 'p'),
('ohidur@gdoc.com', 'a'),
('israt@gdoc.com', 'a'),
('ayesha-dr@gdoc.com', 'd'),
('mehedi-dr@gdoc.com', 'd'),
('hashem@gdoc.com', 'p'),
('shakib@gdoc.com', 'p'),
('fahim@gdoc.com', 'p');

--
-- Indexes for dumped tables
--

--
-- Indexes for table `admin`
--
ALTER TABLE `admin`
  ADD PRIMARY KEY (`aemail`);

--
-- Indexes for table `appointment`
--
ALTER TABLE `appointment`
  ADD PRIMARY KEY (`appoid`),
  ADD KEY `pid` (`pid`),
  ADD KEY `scheduleid` (`scheduleid`);

--
-- Indexes for table `doctor`
--
ALTER TABLE `doctor`
  ADD PRIMARY KEY (`docid`),
  ADD KEY `specialties` (`specialties`);

--
-- Indexes for table `patient`
--
ALTER TABLE `patient`
  ADD PRIMARY KEY (`pid`);

--
-- Indexes for table `schedule`
--
ALTER TABLE `schedule`
  ADD PRIMARY KEY (`scheduleid`),
  ADD KEY `docid` (`docid`);

--
-- Indexes for table `specialties`
--
ALTER TABLE `specialties`
  ADD PRIMARY KEY (`id`);

--
-- Indexes for table `webuser`
--
ALTER TABLE `webuser`
  ADD PRIMARY KEY (`email`);

--
-- AUTO_INCREMENT for dumped tables
--

--
-- AUTO_INCREMENT for table `appointment`
--
ALTER TABLE `appointment`
  MODIFY `appoid` int(11) NOT NULL AUTO_INCREMENT, AUTO_INCREMENT=9;

--
-- AUTO_INCREMENT for table `doctor`
--
ALTER TABLE `doctor`
  MODIFY `docid` int(11) NOT NULL AUTO_INCREMENT, AUTO_INCREMENT=4;

--
-- AUTO_INCREMENT for table `patient`
--
ALTER TABLE `patient`
  MODIFY `pid` int(11) NOT NULL AUTO_INCREMENT, AUTO_INCREMENT=6;

--
-- AUTO_INCREMENT for table `schedule`
--
ALTER TABLE `schedule`
  MODIFY `scheduleid` int(11) NOT NULL AUTO_INCREMENT, AUTO_INCREMENT=11;
COMMIT;

/*!40101 SET CHARACTER_SET_CLIENT=@OLD_CHARACTER_SET_CLIENT */;
/*!40101 SET CHARACTER_SET_RESULTS=@OLD_CHARACTER_SET_RESULTS */;
/*!40101 SET COLLATION_CONNECTION=@OLD_COLLATION_CONNECTION */;
